[
  {
    "model": "pgdb.User",
    "pk": 1,
    "fields": {
      "name": "a"
    }
  },
  {
    "model": "pgdb.User",
    "pk": 2,
    "fields": {
      "name": "b"
    }
  },
  {
    "model": "pgdb.User",
    "pk": 3,
    "fields": {
      "name": "c"
    }
  },
  {
    "model": "pgdb.User",
    "pk": 4,
    "fields": {
      "name": "d"
    }
  },
  {
    "model": "pgdb.User",
    "pk": 5,
    "fields": {
      "name": "e"
    }
  },
  {
    "model": "pgdb.User",
    "pk": 6,
    "fields": {
      "name": "f"
    }
  },
  {
    "model": "pgdb.User",
    "pk": 7,
    "fields": {
      "name": "g"
    }
  },
  {
    "model": "pgdb.User",
    "pk": 8,
    "fields": {
      "name": "h"
    }
  },
  {
    "model": "pgdb.User",
    "pk": 9,
    "fields": {
      "name": "i"
    }
  },
  {
    "model": "pgdb.User",
    "pk": 10,
    "fields": {
      "name": "j"
    }
  },
  {
    "model": "pgdb.User",
    "pk": 11,
    "fields": {
      "name": "k"
    }
  },
  {
    "model": "pgdb.Feature",
    "pk": 1,
    "fields": {
      "name": "lorem"
    }
  },
  {
    "model": "pgdb.Feature",
    "pk": 2,
    "fields": {
      "name": "new Feature"
    }
  },
  {
    "model": "pgdb.Feature",
    "pk": 3,
    "fields": {
      "name": "a thing"
    }
  },
  {
    "model": "pgdb.Feature",
    "pk": 4,
    "fields": {
      "name": "cool stuff"
    }
  },
  {
    "model": "pgdb.Feature",
    "pk": 5,
    "fields": {
      "name": "maybe"
    }
  },
  {
    "model": "pgdb.Feature",
    "pk": 6,
    "fields": {
      "name": "terrible time"
    }
  },
  {
    "model": "pgdb.Feature",
    "pk": 7,
    "fields": {
      "name": "wut?"
    }
  },
  {
    "model": "pgdb.Feature",
    "pk": 8,
    "fields": {
      "name": "next Feature"
    }
  },
  {
    "model": "pgdb.Feature",
    "pk": 9,
    "fields": {
      "name": "huh"
    }
  },
  {
    "model": "pgdb.Feature",
    "pk": 10,
    "fields": {
      "name": "coooooooooooool"
    }
  },
  {
    "model": "pgdb.Like",
    "pk": 1,
    "fields": {
      "user_id":  1,
      "feature_id": 1
    }
  },
  {
    "model": "pgdb.Like",
    "pk": 2,
    "fields": {
      "user_id":  2,
      "feature_id": 1
    }
  },
  {
    "model": "pgdb.Like",
    "pk": 3,
    "fields": {
      "user_id":  3,
      "feature_id": 1
    }
  },
  {
    "model": "pgdb.Like",
    "pk": 4,
    "fields": {
      "user_id":  4,
      "feature_id": 1
    }
  },
  {
    "model": "pgdb.Like",
    "pk": 5,
    "fields": {
      "user_id":  5,
      "feature_id": 1
    }
  },
  {
    "model": "pgdb.Like",
    "pk": 6,
    "fields": {
      "user_id":  1,
      "feature_id": 2
    }
  },
  {
    "model": "pgdb.Like",
    "pk": 7,
    "fields": {
      "user_id":  2,
      "feature_id": 2
    }
  },
  {
    "model": "pgdb.Like",
    "pk": 8,
    "fields": {
      "user_id":  3,
      "feature_id": 2
    }
  },
  {
    "model": "pgdb.Like",
    "pk": 9,
    "fields": {
      "user_id":  4,
      "feature_id": 2
    }
  },
  {
    "model": "pgdb.Like",
    "pk": 10,
    "fields": {
      "user_id":  5,
      "feature_id": 2
    }
  },
  {
    "model": "pgdb.Like",
    "pk": 11,
    "fields": {
      "user_id":  6,
      "feature_id": 2
    }
  },
  {
    "model": "pgdb.Like",
    "pk": 13,
    "fields": {
      "user_id":  5,
      "feature_id": 2
    }
  },
  {
    "model": "pgdb.Like",
    "pk": 14,
    "fields": {
      "user_id":  5,
      "feature_id": 2
    }
  },
  {
    "model": "pgdb.Like",
    "pk": 15,
    "fields": {
      "user_id":  5,
      "feature_id": 2
    }
  },
  {
    "model": "pgdb.Like",
    "pk": 16,
    "fields": {
      "user_id":  5,
      "feature_id": 2
    }
  },
  {
    "model": "pgdb.Like",
    "pk": 17,
    "fields": {
      "user_id":  5,
      "feature_id": 3
    }
  },
  {
    "model": "pgdb.Like",
    "pk": 18,
    "fields": {
      "user_id":  5,
      "feature_id": 3
    }
  },
  {
    "model": "pgdb.Like",
    "pk": 19,
    "fields": {
      "user_id":  5,
      "feature_id": 3
    }
  },
  {
    "model": "pgdb.Like",
    "pk": 20,
    "fields": {
      "user_id":  5,
      "feature_id": 5
    }
  },
  {
    "model": "pgdb.Like",
    "pk": 21,
    "fields": {
      "user_id":  5,
      "feature_id": 5
    }
  },
  {
    "model": "pgdb.Like",
    "pk": 22,
    "fields": {
      "user_id":  5,
      "feature_id": 5
    }
  },
  {
    "model": "pgdb.Like",
    "pk": 23,
    "fields": {
      "user_id":  5,
      "feature_id": 5
    }
  },
  {
    "model": "pgdb.Like",
    "pk": 24,
    "fields": {
      "user_id":  5,
      "feature_id": 5
    }
  },
  {
    "model": "pgdb.Like",
    "pk": 25,
    "fields": {
      "user_id":  5,
      "feature_id": 5
    }
  },
  {
    "model": "pgdb.Like",
    "pk": 26,
    "fields": {
      "user_id":  5,
      "feature_id": 4
    }
  },
  {
    "model": "pgdb.Like",
    "pk": 27,
    "fields": {
      "user_id":  5,
      "feature_id": 4
    }
  },
  {
    "model": "pgdb.Like",
    "pk": 28,
    "fields": {
      "user_id":  5,
      "feature_id": 4
    }
  },
  {
    "model": "pgdb.Like",
    "pk": 29,
    "fields": {
      "user_id":  5,
      "feature_id": 6
    }
  },
  {
    "model": "pgdb.Like",
    "pk": 30,
    "fields": {
      "user_id":  5,
      "feature_id": 6
    }
  },
  {
    "model": "pgdb.Like",
    "pk": 31,
    "fields": {
      "user_id":  5,
      "feature_id": 6
    }
  },
  {
    "model": "pgdb.Like",
    "pk": 32,
    "fields": {
      "user_id":  5,
      "feature_id": 6
    }
  },
  {
    "model": "pgdb.Like",
    "pk": 33,
    "fields": {
      "user_id":  5,
      "feature_id": 6
    }
  },
  {
    "model": "pgdb.Like",
    "pk": 34,
    "fields": {
      "user_id":  5,
      "feature_id": 6
    }
  },
  {
    "model": "pgdb.Like",
    "pk": 35,
    "fields": {
      "user_id":  5,
      "feature_id": 6
    }
  },
  {
    "model": "pgdb.Like",
    "pk": 36,
    "fields": {
      "user_id":  5,
      "feature_id": 6
    }
  },
  {
    "model": "pgdb.Like",
    "pk": 37,
    "fields": {
      "user_id":  5,
      "feature_id": 6
    }
  },
  {
    "model": "pgdb.Like",
    "pk": 38,
    "fields": {
      "user_id":  5,
      "feature_id": 6
    }
  },
  {
    "model": "pgdb.Like",
    "pk": 39,
    "fields": {
      "user_id":  5,
      "feature_id": 6
    }
  },
  {
    "model": "pgdb.Like",
    "pk": 40,
    "fields": {
      "user_id":  5,
      "feature_id": 6
    }
  },
  {
    "model": "pgdb.Like",
    "pk": 41,
    "fields": {
      "user_id":  5,
      "feature_id": 7
    }
  },
  {
    "model": "pgdb.Like",
    "pk": 42,
    "fields": {
      "user_id":  5,
      "feature_id": 7
    }
  },
  {
    "model": "pgdb.Like",
    "pk": 43,
    "fields": {
      "user_id":  5,
      "feature_id": 7
    }
  },
  {
    "model": "pgdb.Like",
    "pk": 44,
    "fields": {
      "user_id":  5,
      "feature_id": 7
    }
  },
  {
    "model": "pgdb.Like",
    "pk": 45,
    "fields": {
      "user_id":  5,
      "feature_id": 7
    }
  },
  {
    "model": "pgdb.Like",
    "pk": 46,
    "fields": {
      "user_id":  5,
      "feature_id": 7
    }
  },
  {
    "model": "pgdb.Like",
    "pk": 47,
    "fields": {
      "user_id":  5,
      "feature_id": 8
    }
  },
  {
    "model": "pgdb.Like",
    "pk": 48,
    "fields": {
      "user_id":  5,
      "feature_id": 8
    }
  },
  {
    "model": "pgdb.Like",
    "pk": 49,
    "fields": {
      "user_id":  5,
      "feature_id": 8
    }
  },
  {
    "model": "pgdb.Like",
    "pk": 50,
    "fields": {
      "user_id":  8,
      "feature_id": 9
    }
  },
  {
    "model": "pgdb.Like",
    "pk": 51,
    "fields": {
      "user_id":  8,
      "feature_id": 10
    }
  },
  {
    "model": "pgdb.Like",
    "pk": 52,
    "fields": {
      "user_id":  8,
      "feature_id": 8
    }
  },
  {
    "model": "pgdb.Like",
    "pk": 53,
    "fields": {
      "user_id":  8,
      "feature_id": 7
    }
  },
  {
    "model": "pgdb.Like",
    "pk": 54,
    "fields": {
      "user_id":  8,
      "feature_id": 6
    }
  },
  {
    "model": "pgdb.Like",
    "pk": 55,
    "fields": {
      "user_id":  8,
      "feature_id": 5
    }
  },
  {
    "model": "pgdb.Like",
    "pk": 56,
    "fields": {
      "user_id":  8,
      "feature_id": 4
    }
  },
  {
    "model": "pgdb.Like",
    "pk": 57,
    "fields": {
      "user_id":  8,
      "feature_id": 3
    }
  },
  {
    "model": "pgdb.Like",
    "pk": 58,
    "fields": {
      "user_id":  8,
      "feature_id": 2
    }
  },
  {
    "model": "pgdb.Like",
    "pk": 59,
    "fields": {
      "user_id":  4,
      "feature_id": 10
    }
  },
  {
    "model": "pgdb.Like",
    "pk": 60,
    "fields": {
      "user_id":  4,
      "feature_id": 1
    }
  },
  {
    "model": "pgdb.Like",
    "pk": 61,
    "fields": {
      "user_id":  4,
      "feature_id": 2
    }
  },
  {
    "model": "pgdb.Like",
    "pk": 62,
    "fields": {
      "user_id":  4,
      "feature_id": 3
    }
  },
  {
    "model": "pgdb.Like",
    "pk": 63,
    "fields": {
      "user_id":  4,
      "feature_id": 4
    }
  },
  {
    "model": "pgdb.Like",
    "pk": 64,
    "fields": {
      "user_id":  4,
      "feature_id": 5
    }
  },
  {
    "model": "pgdb.Like",
    "pk": 65,
    "fields": {
      "user_id":  4,
      "feature_id": 6
    }
  },
  {
    "model": "pgdb.Like",
    "pk": 66,
    "fields": {
      "user_id":  4,
      "feature_id": 7
    }
  },
  {
    "model": "pgdb.Like",
    "pk": 67,
    "fields": {
      "user_id":  4,
      "feature_id": 8
    }
  },
  {
    "model": "pgdb.Like",
    "pk": 68,
    "fields": {
      "user_id":  4,
      "feature_id": 8
    }
  },
  {
    "model": "pgdb.Like",
    "pk": 69,
    "fields": {
      "user_id":  4,
      "feature_id": 7
    }
  },
  {
    "model": "pgdb.Like",
    "pk": 70,
    "fields": {
      "user_id":  4,
      "feature_id": 5
    }
  },
  {
    "model": "pgdb.Like",
    "pk": 71,
    "fields": {
      "user_id":  4,
      "feature_id": 7
    }
  }
  
  
  
]